q,bot,trials,successes,success_rate,elapsed_seconds,average_seconds,button,walked_into_fire,fire_reached_bot,timeout
0.10,Bot1,100,90,0.900000,0.075667,0.000757,90,8,2,0
0.10,Bot2,100,93,0.930000,0.426040,0.004260,93,0,7,0
0.10,Bot3,100,93,0.930000,0.680263,0.006803,93,0,7,0
0.10,Bot4,100,93,0.930000,5.057487,0.050575,93,0,7,0
0.30,Bot1,100,75,0.750000,0.073536,0.000735,75,18,7,0
0.30,Bot2,100,78,0.780000,0.500788,0.005008,78,0,22,0
0.30,Bot3,100,77,0.770000,0.945350,0.009453,77,0,23,0
0.30,Bot4,100,81,0.810000,4.893727,0.048937,81,0,19,0
0.50,Bot1,100,66,0.660000,0.094380,0.000944,66,20,14,0
0.50,Bot2,100,67,0.670000,0.522895,0.005229,67,0,33,0
0.50,Bot3,100,67,0.670000,0.938193,0.009382,67,0,33,0
0.50,Bot4,100,68,0.680000,4.499909,0.044999,68,0,32,0
